日期, 关注数, 粉丝数, 悄悄话, 黑名单, 播放数, 获赞数, 阅读数
2022-12-17, 259, 3, 0, 1, 68, 4, 0
2022-12-17, 259, 3, 0, 1, 68, 4, 0
2022-12-17, 259, 3, 0, 1, 68, 4, 0
2022-12-18, 259, 3, 0, 1, 68, 4, 0
2022-12-19, 259, 3, 0, 1, 68, 4, 0
2022-12-20, 260, 3, 0, 1, 68, 4, 0
2022-12-21, 260, 3, 0, 1, 68, 4, 0
2022-12-21, 261, 3, 0, 1, 68, 4, 0
2022-12-21, 261, 3, 0, 1, 68, 4, 0
2022-12-21, 261, 3, 0, 1, 68, 4, 0
2022-12-21, 261, 3, 0, 1, 68, 4, 0
2022-12-21, 261, 3, 0, 1, 68, 4, 0
2022-12-21, 261, 3, 0, 1, 68, 4, 0
2022-12-21, 261, 3, 0, 1, 68, 4, 0
2022-12-22, 261, 3, 0, 1, 68, 4, 0
2022-12-24, 262, 3, 0, 1, 68, 4, 0
2022-12-25, 262, 3, 0, 0, 68, 4, 0
2022-12-26, 266, 3, 0, 0, 68, 4, 0
2022-12-27, 269, 3, 0, 0, 68, 4, 0
2022-12-28, 270, 3, 0, 0, 68, 4, 0
2022-12-29, 273, 3, 0, 0, -1, -1, -1
2022-12-30, 274, 3, 0, 0, -1, -1, -1
