日期, 被点赞数, 被收藏数, 被感谢数, 被关注数, 关注数, 回答数, 文章数, 提问数, 想法数, 关注的问题数, 关注的收藏夹数, 关注的专栏数, 关注的话题数, 赞助live次数, 参与公共编辑次数, 编辑推荐回答数, 编辑推荐文章数, ip属地, favorite_count未知, vote_from_count未知, vote_to_count未知, 预留, 预留, 预留
2022-12-16, 5628, 6627, 1796, 6291, 1567, 134, 0, 21, 19, 1925, 21, 79, 58, 4, 101, 1, 0, IP 属地上海, 9, 0, 0,  ,  ,
2022-12-16, 5628, 6627, 1796, 6291, 1567, 134, 0, 21, 19, 1925, 21, 79, 58, 4, 101, 1, 0, IP 属地上海, 9, 0, 0,  ,  ,  
2022-12-16, 5628, 6627, 1796, 6291, 1567, 134, 0, 21, 19, 1925, 21, 79, 58, 4, 101, 1, 0, IP 属地上海, 9, 0, 0,  ,  ,  
2022-12-17, 5628, 6627, 1796, 6291, 1567, 134, 0, 21, 19, 1925, 21, 79, 58, 4, 101, 1, 0, IP 属地上海, 9, 0, 0,  ,  ,  
2022-12-17, 5628, 6627, 1796, 6291, 1567, 134, 0, 21, 19, 1925, 21, 79, 58, 4, 101, 1, 0, IP 属地上海, 9, 0, 0,  ,  ,  
2022-12-17, 5628, 6627, 1796, 6291, 1567, 134, 0, 21, 19, 1925, 21, 79, 58, 4, 101, 1, 0, IP 属地上海, 9, 0, 0,  ,  ,  
2022-12-17, 5628, 6627, 1796, 6291, 1567, 134, 0, 21, 19, 1925, 21, 79, 58, 4, 101, 1, 0, IP 属地上海, 9, 0, 0,  ,  ,  
2022-12-18, 5628, 6627, 1796, 6291, 1567, 134, 0, 21, 19, 1925, 21, 79, 58, 4, 101, 1, 0, IP 属地上海, 9, 0, 0,  ,  ,  
2022-12-19, 5628, 6627, 1796, 6291, 1567, 134, 0, 21, 19, 1925, 21, 79, 58, 4, 101, 1, 0, IP 属地上海, 9, 0, 0,  ,  ,  
2022-12-20, 5628, 6626, 1796, 6291, 1567, 134, 0, 21, 19, 1925, 21, 79, 58, 4, 101, 1, 0, IP 属地上海, 9, 0, 0,  ,  ,  
2022-12-21, 5628, 6626, 1796, 6291, 1567, 134, 0, 21, 19, 1925, 21, 79, 58, 4, 101, 1, 0, IP 属地上海, 9, 0, 0,  ,  ,  
2022-12-21, 5628, 6626, 1796, 6291, 1567, 134, 0, 21, 19, 1925, 21, 79, 58, 4, 101, 1, 0, IP 属地上海, 9, 0, 0,  ,  ,  
2022-12-21, 5628, 6626, 1796, 6291, 1567, 134, 0, 21, 19, 1925, 21, 79, 58, 4, 101, 1, 0, IP 属地上海, 9, 0, 0,  ,  ,  
2022-12-21, 5628, 6626, 1796, 6291, 1567, 134, 0, 21, 19, 1925, 21, 79, 58, 4, 101, 1, 0, IP 属地上海, 9, 0, 0,  ,  ,  
2022-12-21, 5628, 6626, 1796, 6291, 1567, 134, 0, 21, 19, 1925, 21, 79, 58, 4, 101, 1, 0, IP 属地上海, 9, 0, 0,  ,  ,  
2022-12-21, 5628, 6626, 1796, 6290, 1567, 134, 0, 21, 19, 1925, 21, 79, 58, 4, 101, 1, 0, IP 属地上海, 9, 0, 0,  ,  ,  
2022-12-21, 5628, 6626, 1796, 6290, 1567, 134, 0, 21, 19, 1925, 21, 79, 58, 4, 101, 1, 0, IP 属地上海, 9, 0, 0,  ,  ,  
2022-12-21, 5628, 6626, 1796, 6290, 1567, 134, 0, 21, 19, 1925, 21, 79, 58, 4, 101, 1, 0, IP 属地上海, 9, 0, 0,  ,  ,  
2022-12-22, 5628, 6625, 1796, 6290, 1567, 134, 0, 21, 19, 1925, 21, 79, 58, 4, 101, 1, 0, IP 属地上海, 9, 0, 0,  ,  ,  
2022-12-24, 5628, 6625, 1796, 6291, 1571, 135, 0, 21, 20, 1927, 21, 79, 58, 4, 101, 1, 0, IP 属地上海, 9, 0, 0,  ,  ,  
2022-12-25, 5628, 6625, 1796, 6290, 1571, 135, 0, 21, 20, 1927, 21, 79, 58, 4, 101, 1, 0, IP 属地上海, 9, 0, 0,  ,  ,  
2022-12-26, 5628, 6625, 1796, 6290, 1571, 135, 0, 21, 20, 1927, 21, 79, 58, 4, 101, 1, 0, IP 属地上海, 9, 0, 0,  ,  ,  
2022-12-27, 5628, 6625, 1796, 6290, 1571, 135, 0, 21, 20, 1927, 21, 79, 58, 4, 101, 1, 0, IP 属地上海, 9, 0, 0,  ,  ,  
2022-12-28, 5629, 6625, 1796, 6290, 1571, 135, 0, 21, 20, 1927, 21, 79, 58, 4, 101, 1, 0, IP 属地上海, 9, 0, 0,  ,  ,  
2022-12-29, 5629, 6626, 1796, 6290, 1573, 135, 0, 21, 20, 1927, 21, 79, 58, 4, 101, 1, 0, IP 属地上海, 9, 0, 0,  ,  ,  
2022-12-30, 5629, 6626, 1796, 6290, 1573, 135, 0, 21, 20, 1927, 21, 79, 58, 4, 101, 1, 0, IP 属地上海, 9, 0, 0,  ,  ,  
2022-12-31, 5628, 6626, 1796, 6290, 1573, 135, 0, 21, 20, 1927, 21, 79, 58, 4, 101, 1, 0, IP 属地上海, 9, 0, 0,  ,  ,  
2023-01-01, 5628, 6626, 1796, 6290, 1573, 135, 0, 21, 20, 1927, 21, 79, 58, 4, 101, 1, 0, IP 属地上海, 9, 0, 0,  ,  ,  
2023-01-02, 5628, 6626, 1796, 6290, 1573, 135, 0, 21, 20, 1927, 21, 79, 58, 4, 101, 1, 0, IP 属地上海, 9, 0, 0,  ,  ,  
2023-01-02, 5628, 6626, 1796, 6290, 1573, 135, 0, 21, 20, 1927, 21, 79, 58, 4, 101, 1, 0, IP 属地上海, 9, 0, 0,  ,  ,  
2023-01-03, 5628, 6626, 1796, 6290, 1573, 135, 0, 21, 20, 1927, 21, 79, 58, 4, 101, 1, 0, IP 属地上海, 9, 0, 0,  ,  ,  
2023-01-04, 5628, 6628, 1796, 6290, 1573, 135, 0, 21, 20, 1927, 21, 79, 58, 4, 101, 1, 0, IP 属地上海, 9, 0, 0,  ,  ,  
2023-01-05, 5628, 6628, 1796, 6289, 1573, 135, 0, 21, 20, 1927, 21, 79, 58, 4, 101, 1, 0, IP 属地上海, 9, 0, 0,  ,  ,  
2023-01-06, 5628, 6628, 1796, 6289, 1573, 135, 0, 21, 20, 1927, 21, 79, 58, 4, 101, 1, 0, IP 属地上海, 9, 0, 0,  ,  ,  
2023-01-07, 5628, 6628, 1796, 6289, 1573, 135, 0, 21, 20, 1927, 21, 79, 58, 4, 101, 1, 0, IP 属地上海, 9, 0, 0,  ,  ,  
2023-01-08, 5629, 6628, 1796, 6289, 1573, 135, 0, 21, 20, 1927, 21, 79, 58, 4, 101, 1, 0, IP 属地上海, 9, 0, 0,  ,  ,  
2023-01-09, 5629, 6628, 1796, 6289, 1575, 135, 0, 21, 20, 1927, 21, 79, 58, 4, 101, 1, 0, IP 属地上海, 9, 0, 0,  ,  ,  
2023-01-10, 5629, 6629, 1797, 6290, 1575, 135, 0, 21, 20, 1927, 21, 79, 58, 4, 101, 1, 0, IP 属地上海, 9, 0, 0,  ,  ,  
2023-01-11, 5629, 6629, 1797, 6290, 1575, 135, 0, 21, 20, 1927, 21, 79, 58, 4, 101, 1, 0, IP 属地上海, 9, 0, 0,  ,  ,  
2023-01-12, 5629, 6628, 1797, 6290, 1575, 135, 0, 21, 20, 1927, 21, 79, 58, 4, 101, 1, 0, IP 属地上海, 9, 0, 0,  ,  ,  
2023-01-13, 5629, 6628, 1797, 6290, 1572, 135, 1, 21, 20, 1927, 21, 79, 58, 4, 101, 1, 0, IP 属地上海, 9, 0, 0,  ,  ,  
2023-01-14, 5629, 6628, 1797, 6290, 1572, 135, 1, 21, 20, 1927, 21, 79, 58, 4, 101, 1, 0, IP 属地上海, 9, 0, 0,  ,  ,  
2023-01-15, 5629, 6628, 1797, 6293, 1572, 135, 1, 21, 20, 1927, 21, 79, 58, 4, 101, 1, 0, IP 属地上海, 9, 0, 0,  ,  ,  
2023-01-16, 5629, 6628, 1797, 6293, 1572, 135, 1, 21, 20, 1928, 21, 79, 58, 4, 101, 1, 0, IP 属地上海, 9, 0, 0,  ,  ,  
2023-01-17, 5629, 6628, 1797, 6294, 1573, 135, 1, 21, 20, 1928, 21, 79, 58, 4, 101, 1, 0, IP 属地上海, 9, 0, 0,  ,  ,  
2023-01-18, 5629, 6628, 1797, 6294, 1573, 135, 1, 21, 20, 1929, 21, 79, 58, 4, 101, 1, 0, IP 属地上海, 9, 0, 0,  ,  ,  
2023-01-19, 5629, 6628, 1798, 6292, 1573, 136, 1, 21, 20, 1929, 21, 79, 58, 4, 101, 1, 0, IP 属地上海, 9, 0, 0,  ,  ,  
2023-01-20, 5629, 6628, 1798, 6292, 1573, 136, 1, 21, 20, 1929, 21, 79, 58, 4, 101, 1, 0, IP 属地上海, 9, 0, 0,  ,  ,  
2023-01-21, 5629, 6628, 1798, 6294, 1573, 136, 1, 21, 20, 1929, 21, 79, 58, 4, 101, 1, 0, IP 属地上海, 9, 0, 0,  ,  ,  
2023-01-22, 5629, 6628, 1798, 6296, 1573, 136, 1, 21, 20, 1929, 21, 79, 58, 4, 101, 1, 0, IP 属地上海, 9, 0, 0,  ,  ,  
2023-01-23, 5628, 6628, 1798, 6296, 1574, 136, 1, 21, 20, 1930, 21, 79, 58, 4, 101, 1, 0, IP 属地上海, 9, 0, 0,  ,  ,  
2023-01-24, 5628, 6628, 1798, 6299, 1574, 136, 1, 21, 20, 1930, 21, 79, 58, 4, 101, 1, 0, IP 属地上海, 9, 0, 0,  ,  ,  
2023-01-25, 5628, 6628, 1798, 6299, 1574, 136, 1, 21, 20, 1930, 21, 79, 58, 4, 101, 1, 0, IP 属地上海, 9, 0, 0,  ,  ,  
2023-01-26, 5628, 6628, 1798, 6299, 1574, 136, 1, 21, 20, 1930, 21, 79, 58, 4, 101, 1, 0, IP 属地上海, 9, 0, 0,  ,  ,  
2023-01-27, 5628, 6628, 1798, 6299, 1574, 136, 1, 21, 20, 1930, 21, 79, 58, 4, 101, 1, 0, IP 属地上海, 9, 0, 0,  ,  ,  
2023-01-28, 5628, 6628, 1798, 6299, 1574, 136, 1, 21, 20, 1930, 21, 79, 58, 4, 101, 1, 0, IP 属地上海, 9, 0, 0,  ,  ,  
2023-01-29, 5628, 6628, 1798, 6299, 1575, 136, 1, 21, 20, 1930, 21, 79, 58, 4, 101, 1, 0, IP 属地上海, 9, 0, 0,  ,  ,  
2023-01-30, 5628, 6628, 1798, 6298, 1576, 136, 1, 21, 20, 1930, 21, 79, 58, 4, 101, 1, 0, IP 属地上海, 9, 0, 0,  ,  ,  
2023-01-31, 5628, 6628, 1798, 6298, 1576, 136, 1, 21, 20, 1930, 21, 79, 58, 4, 101, 1, 0, IP 属地上海, 9, 0, 0,  ,  ,  
2023-02-01, 5628, 6629, 1799, 6298, 1577, 136, 1, 21, 20, 1930, 21, 79, 58, 4, 101, 1, 0, IP 属地上海, 9, 0, 0,  ,  ,  
2023-02-02, 5628, 6629, 1799, 6298, 1577, 136, 1, 21, 20, 1930, 21, 79, 58, 4, 101, 1, 0, IP 属地上海, 9, 0, 0,  ,  ,  
2023-02-03, 5628, 6629, 1799, 6297, 1578, 136, 1, 21, 20, 1930, 21, 79, 58, 4, 101, 1, 0, IP 属地上海, 9, 0, 0,  ,  ,  
2023-02-04, 5629, 6631, 1799, 6297, 1578, 136, 1, 21, 20, 1930, 21, 79, 58, 4, 101, 1, 0, IP 属地上海, 9, 0, 0,  ,  ,  
2023-02-05, 5629, 6630, 1799, 6297, 1578, 136, 1, 21, 20, 1930, 21, 79, 58, 4, 101, 1, 0, IP 属地上海, 9, 0, 0,  ,  ,  
2023-02-06, 5629, 6630, 1799, 6296, 1578, 136, 1, 21, 20, 1930, 21, 79, 58, 4, 101, 1, 0, IP 属地上海, 9, 0, 0,  ,  ,  
2023-02-07, 5629, 6630, 1799, 6294, 1579, 136, 1, 21, 20, 1930, 21, 79, 58, 4, 101, 1, 0, IP 属地上海, 9, 0, 0,  ,  ,  
2023-02-08, 5629, 6629, 1799, 6294, 1579, 136, 1, 21, 20, 1930, 21, 79, 58, 4, 101, 1, 0, IP 属地上海, 9, 0, 0,  ,  ,  
2023-02-09, 5629, 6629, 1799, 6294, 1579, 136, 1, 21, 20, 1930, 21, 79, 58, 4, 101, 1, 0, IP 属地上海, 9, 0, 0,  ,  ,  
2023-02-10, 5629, 6629, 1799, 6294, 1580, 136, 1, 21, 20, 1930, 21, 79, 58, 4, 101, 1, 0, IP 属地上海, 9, 0, 0,  ,  ,  
2023-02-11, 5629, 6629, 1799, 6294, 1580, 136, 1, 21, 20, 1930, 21, 79, 58, 4, 101, 1, 0, IP 属地上海, 9, 0, 0,  ,  ,  
2023-02-12, 5629, 6628, 1799, 6294, 1580, 136, 1, 21, 20, 1930, 21, 79, 58, 4, 101, 1, 0, IP 属地上海, 9, 0, 0,  ,  ,  
2023-02-13, 5629, 6629, 1799, 6294, 1580, 136, 1, 21, 20, 1930, 21, 79, 58, 4, 101, 1, 0, IP 属地上海, 9, 0, 0,  ,  ,  
2023-02-14, 5629, 6629, 1799, 6294, 1580, 136, 1, 21, 20, 1930, 21, 79, 58, 4, 101, 1, 0, IP 属地上海, 9, 0, 0,  ,  ,  
2023-02-15, 5629, 6629, 1799, 6294, 1580, 136, 1, 21, 20, 1930, 21, 79, 58, 4, 101, 1, 0, IP 属地上海, 9, 0, 0,  ,  ,  
2023-02-16, 5629, 6629, 1799, 6294, 1580, 136, 1, 21, 20, 1930, 21, 79, 58, 4, 101, 1, 0, IP 属地上海, 9, 0, 0,  ,  ,  
2023-02-17, 5629, 6629, 1799, 6294, 1580, 136, 1, 21, 20, 1930, 21, 79, 58, 4, 101, 1, 0, IP 属地上海, 9, 0, 0,  ,  ,  
2023-02-18, 5629, 6629, 1799, 6294, 1580, 136, 1, 21, 20, 1930, 21, 79, 58, 4, 101, 1, 0, IP 属地上海, 9, 0, 0,  ,  ,  
2023-02-19, 5629, 6629, 1799, 6294, 1580, 136, 1, 21, 20, 1930, 21, 79, 58, 4, 101, 1, 0, IP 属地上海, 9, 0, 0,  ,  ,  
2023-02-20, 5629, 6629, 1799, 6295, 1580, 136, 1, 21, 20, 1930, 21, 79, 58, 4, 101, 1, 0, IP 属地上海, 9, 0, 0,  ,  ,  
2023-02-21, 5629, 6630, 1799, 6297, 1580, 136, 1, 21, 20, 1930, 21, 79, 58, 4, 101, 1, 0, IP 属地上海, 9, 0, 0,  ,  ,  
2023-02-22, 5629, 6630, 1799, 6297, 1580, 136, 1, 21, 20, 1930, 21, 79, 58, 4, 101, 1, 0, IP 属地上海, 9, 0, 0,  ,  ,  
2023-02-23, 5629, 6629, 1799, 6297, 1580, 136, 1, 21, 20, 1930, 21, 79, 58, 4, 101, 1, 0, IP 属地上海, 9, 0, 0,  ,  ,  
2023-02-24, 5628, 6629, 1799, 6297, 1580, 136, 1, 21, 20, 1930, 21, 79, 58, 4, 101, 1, 0, IP 属地上海, 9, 0, 0,  ,  ,  
2023-02-25, 5628, 6629, 1799, 6297, 1580, 136, 1, 21, 20, 1930, 21, 79, 58, 4, 101, 1, 0, IP 属地上海, 9, 0, 0,  ,  ,  
2023-02-26, 5628, 6629, 1799, 6297, 1580, 136, 1, 21, 20, 1930, 21, 79, 58, 4, 101, 1, 0, IP 属地上海, 9, 0, 0,  ,  ,  
2023-02-27, 5628, 6629, 1799, 6297, 1580, 136, 1, 21, 20, 1930, 21, 79, 58, 4, 101, 1, 0, IP 属地上海, 9, 0, 0,  ,  ,  
2023-02-28, 5630, 6629, 1799, 6297, 1580, 136, 1, 21, 20, 1930, 21, 79, 58, 4, 101, 1, 0, IP 属地上海, 9, 0, 0,  ,  ,  
2023-03-01, 5631, 6629, 1799, 6298, 1582, 136, 1, 21, 20, 1930, 21, 79, 58, 4, 101, 1, 0, IP 属地上海, 9, 0, 0,  ,  ,  
2023-03-02, 5631, 6629, 1799, 6299, 1582, 136, 1, 21, 20, 1930, 21, 79, 58, 4, 101, 1, 0, IP 属地上海, 9, 0, 0,  ,  ,  
2023-03-03, 5631, 6629, 1803, 6299, 1582, 137, 2, 21, 20, 1931, 21, 79, 58, 4, 101, 1, 0, IP 属地上海, 9, 0, 0,  ,  ,  
2023-03-04, 5631, 6630, 1803, 6301, 1582, 137, 2, 21, 20, 1931, 21, 79, 58, 4, 101, 1, 0, IP 属地上海, 3, 0, 0,  ,  ,  
2023-03-05, 5631, 6630, 1803, 6301, 1582, 137, 2, 21, 20, 1931, 21, 79, 58, 4, 101, 1, 0, IP 属地上海, 3, 0, 0,  ,  ,  
2023-03-06, 5631, 6631, 1803, 6301, 1582, 137, 2, 21, 20, 1931, 21, 79, 58, 4, 101, 1, 0, IP 属地上海, 3, 0, 0,  ,  ,  
2023-03-07, 5631, 6631, 1803, 6301, 1582, 137, 2, 21, 20, 1932, 21, 79, 58, 4, 101, 1, 0, IP 属地上海, 3, 0, 0,  ,  ,  
2023-03-08, 5631, 6631, 1803, 6301, 1585, 137, 2, 21, 20, 1935, 21, 79, 58, 4, 101, 1, 0, IP 属地上海, 3, 0, 0,  ,  ,  
2023-03-09, 5631, 6632, 1803, 6301, 1585, 137, 2, 21, 20, 1937, 21, 79, 58, 4, 101, 1, 0, IP 属地上海, 3, 0, 0,  ,  ,  
2023-03-10, 5631, 6632, 1803, 6301, 1585, 137, 2, 21, 20, 1937, 21, 79, 58, 4, 101, 1, 0, IP 属地上海, 3, 0, 0,  ,  ,  
2023-03-11, 5631, 6632, 1803, 6301, 1585, 137, 2, 21, 20, 1937, 21, 79, 58, 4, 101, 1, 0, IP 属地上海, 3, 0, 0,  ,  ,  
2023-03-12, 5631, 6630, 1803, 6301, 1587, 137, 2, 21, 20, 1937, 21, 79, 58, 4, 101, 1, 0, IP 属地上海, 3, 0, 0,  ,  ,  
2023-03-13, 5631, 6631, 1804, 6301, 1589, 137, 2, 21, 20, 1937, 21, 79, 58, 4, 101, 1, 0, IP 属地浙江, 3, 0, 0,  ,  ,  
2023-03-14, 5631, 6631, 1804, 6301, 1589, 137, 2, 21, 20, 1937, 21, 79, 58, 4, 101, 1, 0, IP 属地浙江, 3, 0, 0,  ,  ,  
2023-03-15, 5631, 6631, 1804, 6300, 1589, 137, 2, 21, 20, 1937, 21, 79, 58, 4, 101, 1, 0, IP 属地浙江, 3, 0, 0,  ,  ,  
2023-03-16, 5631, 6631, 1804, 6303, 1589, 137, 2, 21, 20, 1937, 21, 79, 58, 4, 101, 1, 0, IP 属地浙江, 3, 0, 0,  ,  ,  
2023-03-17, 5631, 6634, 1804, 6302, 1590, 137, 2, 21, 20, 1937, 21, 79, 58, 4, 101, 1, 0, IP 属地浙江, 3, 0, 0,  ,  ,  
2023-03-18, 5631, 6634, 1804, 6302, 1590, 137, 2, 21, 20, 1937, 21, 79, 58, 4, 101, 1, 0, IP 属地浙江, 3, 0, 0,  ,  ,  
2023-03-19, 5631, 6634, 1804, 6302, 1590, 138, 2, 21, 20, 1938, 21, 79, 58, 4, 101, 1, 0, IP 属地上海, 3, 0, 0,  ,  ,  
2023-03-20, 5631, 6634, 1804, 6301, 1590, 138, 2, 21, 20, 1938, 21, 79, 58, 4, 101, 1, 0, IP 属地上海, 3, 0, 0,  ,  ,  
2023-03-21, 5631, 6632, 1804, 6301, 1590, 138, 2, 21, 20, 1938, 21, 79, 58, 4, 101, 1, 0, IP 属地上海, 3, 0, 0,  ,  ,  
2023-03-22, 5631, 6631, 1804, 6301, 1590, 138, 2, 21, 20, 1938, 21, 79, 58, 4, 101, 1, 0, IP 属地上海, 3, 0, 0,  ,  ,  
2023-03-23, 5631, 6631, 1804, 6301, 1590, 138, 2, 21, 20, 1938, 21, 79, 58, 4, 101, 1, 0, IP 属地上海, 3, 0, 0,  ,  ,  
2023-03-24, 5631, 6631, 1804, 6301, 1590, 138, 2, 21, 20, 1939, 21, 79, 58, 4, 101, 1, 0, IP 属地上海, 3, 0, 0,  ,  ,  
2023-03-25, 5631, 6630, 1804, 6301, 1590, 138, 2, 21, 20, 1939, 21, 79, 58, 4, 101, 1, 0, IP 属地上海, 3, 0, 0,  ,  ,  
2023-03-26, 5631, 6630, 1804, 6301, 1590, 138, 2, 21, 20, 1939, 21, 79, 58, 4, 101, 1, 0, IP 属地上海, 3, 0, 0,  ,  ,  
2023-03-27, 5632, 6629, 1805, 6302, 1590, 138, 2, 21, 20, 1939, 21, 79, 58, 4, 101, 1, 0, IP 属地上海, 3, 0, 0,  ,  ,  
2023-03-28, 5632, 6629, 1805, 6302, 1590, 138, 2, 21, 20, 1939, 21, 79, 58, 4, 101, 1, 0, IP 属地上海, 3, 0, 0,  ,  ,  
2023-03-29, 5632, 6629, 1805, 6301, 1590, 138, 2, 21, 20, 1939, 21, 79, 58, 4, 101, 1, 0, IP 属地上海, 3, 0, 0,  ,  ,  
2023-03-30, 5632, 6629, 1805, 6303, 1590, 138, 2, 21, 20, 1939, 21, 79, 58, 4, 101, 1, 0, IP 属地上海, 3, 0, 0,  ,  ,  
2023-03-31, 5632, 6629, 1805, 6303, 1590, 138, 2, 21, 20, 1939, 21, 79, 58, 4, 101, 1, 0, IP 属地上海, 3, 0, 0,  ,  ,  
2023-04-01, 5632, 6629, 1805, 6305, 1590, 138, 2, 21, 20, 1939, 21, 79, 58, 4, 101, 1, 0, IP 属地上海, 3, 0, 0,  ,  ,  
2023-04-02, 5632, 6629, 1805, 6305, 1590, 138, 2, 21, 20, 1939, 21, 79, 58, 4, 101, 1, 0, IP 属地上海, 3, 0, 0,  ,  ,  
2023-04-03, 5632, 6629, 1805, 6305, 1590, 138, 2, 21, 20, 1939, 21, 79, 58, 4, 101, 1, 0, IP 属地上海, 3, 0, 0,  ,  ,  
2023-04-04, 5632, 6629, 1805, 6305, 1590, 138, 2, 21, 20, 1939, 21, 79, 58, 4, 101, 1, 0, IP 属地上海, 3, 0, 0,  ,  ,  
2023-04-05, 5632, 6629, 1805, 6306, 1593, 138, 2, 21, 20, 1939, 21, 79, 58, 4, 101, 1, 0, IP 属地上海, 3, 0, 0,  ,  ,  
2023-04-06, 5632, 6630, 1805, 6308, 1593, 138, 2, 21, 20, 1939, 21, 79, 58, 4, 101, 1, 0, IP 属地上海, 3, 0, 0,  ,  ,  
2023-04-07, 5632, 6629, 1805, 6309, 1593, 138, 2, 21, 20, 1939, 21, 79, 58, 4, 101, 1, 0, IP 属地上海, 3, 0, 0,  ,  ,  
2023-04-08, 5632, 6629, 1805, 6308, 1593, 139, 2, 21, 20, 1940, 20, 79, 58, 4, 101, 1, 0, IP 属地上海, 3, 0, 0,  ,  ,  
2023-04-09, 5633, 6629, 1805, 6308, 1593, 139, 2, 21, 20, 1940, 20, 79, 58, 4, 101, 1, 0, IP 属地上海, 3, 0, 0,  ,  ,  
2023-04-10, 5633, 6629, 1805, 6308, 1593, 139, 2, 21, 20, 1940, 20, 79, 58, 4, 101, 1, 0, IP 属地上海, 3, 0, 0,  ,  ,  
2023-04-11, 5633, 6630, 1805, 6308, 1593, 139, 2, 21, 20, 1940, 20, 79, 58, 4, 101, 1, 0, IP 属地上海, 3, 0, 0,  ,  ,  
2023-04-12, 5633, 6630, 1805, 6308, 1593, 139, 2, 21, 20, 1940, 20, 79, 58, 4, 101, 1, 0, IP 属地上海, 3, 0, 0,  ,  ,  
2023-04-13, 5633, 6630, 1805, 6308, 1593, 139, 2, 21, 20, 1940, 20, 79, 58, 4, 101, 1, 0, IP 属地上海, 3, 0, 0,  ,  ,  
2023-04-14, 5633, 6630, 1805, 6308, 1593, 139, 2, 21, 20, 1940, 20, 79, 58, 4, 101, 1, 0, IP 属地上海, 3, 0, 0,  ,  ,  
2023-04-15, 5633, 6630, 1805, 6308, 1593, 139, 2, 21, 20, 1940, 20, 79, 58, 4, 101, 1, 0, IP 属地上海, 3, 0, 0,  ,  ,  
2023-04-16, 5633, 6630, 1805, 6308, 1593, 139, 2, 21, 20, 1940, 20, 79, 58, 4, 101, 1, 0, IP 属地上海, 3, 0, 0,  ,  ,  
2023-04-17, 5633, 6630, 1805, 6308, 1593, 139, 2, 21, 20, 1940, 20, 79, 58, 4, 101, 1, 0, IP 属地上海, 3, 0, 0,  ,  ,  
2023-04-18, 5633, 6630, 1805, 6308, 1593, 139, 2, 21, 20, 1940, 20, 79, 58, 4, 101, 1, 0, IP 属地上海, 3, 0, 0,  ,  ,  
2023-04-19, 5633, 6630, 1805, 6308, 1594, 139, 2, 21, 20, 1940, 20, 79, 58, 4, 101, 1, 0, IP 属地上海, 3, 0, 0,  ,  ,  
2023-04-20, 5634, 6630, 1805, 6309, 1594, 139, 2, 21, 20, 1940, 20, 79, 58, 4, 101, 1, 0, IP 属地上海, 3, 0, 0,  ,  ,  
